{
  "eigs": [
    -5.905405210622953,
    -2.2262879913062084,
    -1.3498093376147253,
    -1.0745837200177815,
    -0.6637491905649897,
    0.7080760563516053,
    2.960194523160694,
    6.2788226050035565
  ],
  "m2L2": -2.5,
  "lamL2": 0.5,
  "Delta_plus": 3.224744871391589,
  "used_demo": false
}